<?xml version="1.0" encoding="UTF-8" ?>
<!DOCTYPE mapper
        PUBLIC "-//mybatis.org//DTD Mapper 3.0//EN"
        "http://mybatis.org/dtd/mybatis-3-mapper.dtd">
<mapper namespace="com.bao.mapper.BysqbMapper">



<!--毕业申请审核-->
    <select id="querybysUser" resultType="bysqb">
        select * from bysqb where shzt="1"
    </select>

    <update id="updateBysq" parameterType="bysqb">
        update bysqb set shzt="2" where admno=#{admno}
    </update>

    <update id="updatnoeBysq" parameterType="bysqb">
        update bysqb set shzt="5" where admno=#{admno}
    </update>

    <select id="queryAllUser" resultType="bysqb">
        select * from bysqb where shzt="1"
    </select>
    <select id="zquerybysUser" resultType="bysqb">
        select * from bysqb where shzt="0"
    </select>

    <update id="zupdateBysq" parameterType="bysqb">
        update bysqb set shzt="1" where admno=#{admno}
    </update>

    <update id="zupdatnoeBysq" parameterType="bysqb">
        update bysqb set shzt="5" where admno=#{admno}
    </update>

    <select id="zqueryAllUser" resultType="bysqb">
        select * from bysqb where shzt="0"
    </select>

    <insert id="addBysqb" parameterType="bysqb">
        insert into bysqb (admno,zy,kcbm,sname,sfzh,xb,dh,ds,xx,shzt,bz)
        values (#{admno},#{zy},#{kcbm},#{sname},#{sfzh},#{xb},#{dh},#{ds},#{xx},"0",#{bz})
    </insert>

    <select id="queryBysqbByAdmno" parameterType="String" resultType="bysqb">
        select * from bysqb where admno=#{admno}
    </select>

    <!--毕业申请审核-->
    <select id="pquerybysUser" resultType="bysqb">
        select * from bysqb where shzt="2"
    </select>

    <update id="pupdateBysq" parameterType="bysqb">
        update bysqb set shzt="3" where admno=#{admno}
    </update>

    <select id="pqueryAllUser" resultType="bysqb">
        select * from bysqb where shzt="2"
    </select>
</mapper>