<?xml version="1.0" encoding="UTF-8" ?>
<!DOCTYPE mapper
        PUBLIC "-//mybatis.org//DTD Mapper 3.0//EN"
        "http://mybatis.org/dtd/mybatis-3-mapper.dtd">
<mapper namespace="com.bao.mapper.BysxxbMapper">

    <!--毕业生查询-->
    <select id="querybysUserById" resultType="bysxxb">
        select * from bysxxb
    </select>
    <!--毕业生查询-->
    <select id="zquerybysUserById" resultType="bysxxb">
        select * from bysxxb
    </select>

    <delete id="zdeletebys" parameterType="int">
        delete from bysxxb where id=#{id}
    </delete>

    <!--毕业生查询-->
    <select id="pquerybysUserById" resultType="bysxxb">
        select * from bysxxb
    </select>

</mapper>