<?xml version="1.0" encoding="UTF-8" ?>
<!DOCTYPE mapper
        PUBLIC "-//mybatis.org//DTD Mapper 3.0//EN"
        "http://mybatis.org/dtd/mybatis-3-mapper.dtd">
<mapper namespace="com.bao.mapper.GjxxkjxgbMapper">


    <!--关键信息修改审核-->
    <select id="updateUser" resultType="gjxxkjxgb">
        select * from gjxxkjxgb where shzt="1"
    </select>

    <update id="updateGjxx" parameterType="gjxxkjxgb">
        update gjxxkjxgb set shzt="2" where admno=#{admno}
    </update>

    <update id="updatenoGjxx" parameterType="gjxxkjxgb">
        update gjxxkjxgb set shzt="5" where admno=#{admno}
    </update>

    <select id="queryAllGjxx" resultType="gjxxkjxgb">
        select * from gjxxkjxgb where shzt="1"
    </select>

    <!--关键信息修改审核-->
    <select id="zupdateUser" resultType="gjxxkjxgb">
        select * from gjxxkjxgb where shzt="0"
    </select>

    <update id="zupdateGjxx" parameterType="gjxxkjxgb">
        update gjxxkjxgb set shzt="1" where admno=#{admno}
    </update>

    <update id="zupdatenoGjxx" parameterType="gjxxkjxgb">
        update gjxxkjxgb set shzt="5" where admno=#{admno}
    </update>

    <select id="zqueryAllGjxx" resultType="gjxxkjxgb">
        select * from gjxxkjxgb where shzt="0"
    </select>

    <insert id="addGjxxkjxgbByAdmno" parameterType="gjxxkjxgb">
        insert into gjxxkjxgb (admno,kcbm,ds,xx,shzt,zy,sfzh,sname,csrq,xjzt)
        values (#{admno},#{kcbm},#{ds},#{xx},"0",#{zy},#{sfzh},#{sname},#{csrq},"在籍")
    </insert>

    <select id="queryGjxxkjxgbByAdmno" parameterType="String" resultType="gjxxkjxgb">
        select * from gjxxkjxgb where admno=#{admno}
    </select>

    <update id="pupdateXg" parameterType="Gjxxkjxgb">
        update kjjbxxb set
        kcbm=(select kcbm from gjxxkjxgb),
        xx=(select xx from gjxxkjxgb),
        ds=(select ds from gjxxkjxgb),
        sfzh=(select sfzh from gjxxkjxgb),
        sname=(select sname from gjxxkjxgb),
        csrq=(select csrq from gjxxkjxgb)
        where admno=#{admno}
    </update>

    <update id="pupdatezt" parameterType="String">
        update gjxxkjxgb set shzt=3
    </update>

    <select id="pquaryAllxg" resultType="com.bao.pojo.Gjxxkjxgb">
        select * from gjxxkjxgb
    </select>

    <select id="pfindbyAdmno" resultType="com.bao.pojo.Gjxxkjxgb">
        select * from gjxxkjxgb where admno=#{admno}
    </select>


</mapper>