<?xml version="1.0" encoding="UTF-8" ?>
<!DOCTYPE mapper
        PUBLIC "-//mybatis.org//DTD Mapper 3.0//EN"
        "http://mybatis.org/dtd/mybatis-3-mapper.dtd">
<mapper namespace="com.bao.mapper.KjjbxxbMapper">


<!--查所有-->
    <select id="queryAllUser" resultType="kjjbxxb">
        select * from kjjbxxb
    </select>


<!--在籍考生查询-->
    <select id="queryUserById" resultType="kjjbxxb">
        select * from kjjbxxb
    </select>



    <!--登录-->
    <select id="login" resultType="kjjbxxb" parameterType="kjjbxxb">
        select * from kjjbxxb where admno=#{admno} and password=#{password}
    </select>



    <!--考籍表打印-->
    <select id="dayin" resultType="kjjbxxb">
        select * from kjjbxxb
    </select>

    <!--展示-->
    <select id="show" parameterType="string" resultType="kjjbxxb">
        select * from kjjbxxb  where admno=#{admno}
    </select>

    <!--查所有-->
    <select id="zqueryAllUser" resultType="kjjbxxb">
        select * from kjjbxxb
    </select>


    <!--在籍考生查询-->
    <select id="zqueryUserById" resultType="kjjbxxb">
        select * from kjjbxxb
    </select>

<!--    登录
    <select id="login" resultType="kjjbxxb" parameterType="kjjbxxb">
        select * from kjjbxxb where admno=#{admno} and password=#{password}
    </select>-->
    <!--删除-->
    <delete id="zdeleteUser" parameterType="int">
        delete from kjjbxxb where id=#{id}
    </delete>

    <!--考籍表打印-->
    <select id="zdayin" resultType="kjjbxxb">
        select * from kjjbxxb
    </select>

    <!--展示-->
    <select id="zshow" parameterType="string" resultType="kjjbxxb">
        select * from kjjbxxb  where admno=#{admno}
    </select>

    <select id="queryKjxxByAdmno" resultType="kjjbxxb">
        select * from kjjbxxb where admno=#{admno}
    </select>

    <update id="updateKjjbxxb" parameterType="kjjbxxb">
        update kjjbxxb
        set sname=#{sname},xb=#{xb},mz=#{mz},zzmm=#{zzmm} where admno=#{admno}
    </update>

    <select id="verityByAdmno" resultType="kjjbxxb" parameterType="kjjbxxb">
        select * from kjjbxxb where admno=#{admno} and password=#{password}
    </select>

    <!--查所有-->
    <select id="pqueryAllUser" resultType="kjjbxxb">
        select * from kjjbxxb
    </select>

    <!--在籍考生查询-->
    <select id="pqueryUserById" resultType="kjjbxxb">
        select * from kjjbxxb
    </select>

    <!--登录-->
    <select id="plogin" resultType="kjjbxxb" parameterType="kjjbxxb">
        select * from kjjbxxb where admno=#{admno} and password=#{password}
    </select>

    <!--考籍表打印-->
    <select id="pdayin" resultType="kjjbxxb">
        select * from kjjbxxb
    </select>

    <!--展示-->
    <select id="pshow" resultType="kjjbxxb">
        select * from kjjbxxb  where admno=#{admno}
    </select>

    <!--增加-->
    <insert id="paddUser" parameterType="kjjbxxb">
        insert into kjjbxxb(admno, xb, sname, zzmm, sfzh) values (#{admno},#{xb},#{sname},#{zzmm},#{sfzh})
    </insert>

</mapper>