<?xml version="1.0" encoding="UTF-8" ?>
<!DOCTYPE mapper
        PUBLIC "-//mybatis.org//DTD Mapper 3.0//EN"
        "http://mybatis.org/dtd/mybatis-3-mapper.dtd">
<mapper namespace="com.bao.mapper.XszmkkcxxbMapper">


    <!--免考-->
    <select id="oneshen" resultType="xszmkkcxxb">
        select * from xszmkkcxxb where shzt="1"
    </select>

    <update id="updateZmk" parameterType="xszmkkcxxb">
        update xszmkkcxxb set shzt="2" where admno=#{admno}
    </update>


    <update id="updatenoZmk" parameterType="xszmkkcxxb">
        update xszmkkcxxb set shzt="5" where admno=#{admno}
    </update>

    <select id="queryAllZmk" resultType="xszmkkcxxb">
        select * from xszmkkcxxb where shzt="1"
    </select>


    <!--免考-->
    <select id="zoneshen" resultType="xszmkkcxxb">
        select * from xszmkkcxxb where shzt="0"
    </select>

    <update id="zupdateZmk" parameterType="xszmkkcxxb">
        update xszmkkcxxb set shzt="1" where admno=#{admno}
    </update>


    <update id="zupdatenoZmk" parameterType="xszmkkcxxb">
        update xszmkkcxxb set shzt="5" where admno=#{admno}
    </update>

    <select id="zqueryAllZmk" resultType="xszmkkcxxb">
        select * from xszmkkcxxb where shzt="0"
    </select>

    <insert id="addXszmkkcxxb" parameterType="xszmkkcxxb">
        insert into xszmkkcxxb (admno,mkkc,kcbm,mklx,cj,ds,xx,mkmsxx,shzt)
        values (#{admno},#{mkkc},#{kcbm},#{mklx},#{cj},#{ds},#{xx},#{mkmsxx},"0")
    </insert>

    <select id="queryXszmkkcxxbByAdmno" parameterType="String" resultType="xszmkkcxxb">
        select * from xszmkkcxxb where admno=#{admno}
    </select>

    <!--免考-->
    <select id="poneshen" resultType="com.bao.pojo.Xszmkkcxxb">
        select * from zmksq
    </select>

    <update id="pupdateZmk" parameterType="com.bao.pojo.Xszmkkcxxb">
        update zmksq set shzt="3" where admno=#{admno}
    </update>

    <select id="pqueryAllZmk" resultType="com.bao.pojo.Xszmkkcxxb">
        select * from zmksq
    </select>

    <update id="psubmitZmk" parameterType="com.bao.pojo.Xszmkkcxxb">
        update kjcjxxb set
        zhuany=(select zhuany from zmksq),
        cj=(select cj from zmksq),
        kcbm=(select kcbm from zmksq)
        where admno=#{admno}
    </update>


</mapper>