<?xml version="1.0" encoding="UTF-8" ?>
<!DOCTYPE mapper
        PUBLIC "-//mybatis.org//DTD Mapper 3.0//EN"
        "http://mybatis.org/dtd/mybatis-3-mapper.dtd">
<mapper namespace="com.bao.mapper.ZckssqxxbMapper">



   <!--考生转出审核-->
    <select id="zhuanchuUser" resultType="zckssqxxb">
        select * from zckssqxxb where shzt="1"
    </select>

    <update id="updateZckssq" parameterType="zckssqxxb">
        update zckssqxxb set shzt="2" where admno=#{admno}
    </update>

    <update id="updatenoZckssq" parameterType="zckssqxxb">
        update zckssqxxb set shzt="5" where admno=#{admno}
    </update>

    <select id="queryAllZckssq" resultType="zckssqxxb">
        select * from zckssqxxb where shzt="1"
    </select>
    <!--考生转出审核-->
    <select id="zzhuanchuUser" resultType="zckssqxxb">
        select * from zckssqxxb where shzt="0"
    </select>

    <update id="zupdateZckssq" parameterType="zckssqxxb">
        update zckssqxxb set shzt="1" where admno=#{admno}
    </update>

    <update id="zupdatenoZckssq" parameterType="zckssqxxb">
        update zckssqxxb set shzt="5" where admno=#{admno}
    </update>

    <select id="zqueryAllZckssq" resultType="zckssqxxb">
        select * from zckssqxxb where shzt="0"
    </select>

    <insert id="addZckssqxxb" parameterType="zckssqxxb">
        insert into zckssqxxb(admno,zcyy,zcbm,zrzy,shzt) values (#{admno},#{zcyy},#{zcbm},#{zrzy},"0")
    </insert>

    <select id="queryZckssqxxbByAdmno" parameterType="String" resultType="zckssqxxb">
        select * from zckssqxxb where admno=#{admno}
    </select>

    <!--考生转出审核-->
    <select id="pzhuanchuUser" resultType="zckssqxxb">
        select * from zckssqxxb
    </select>

    <update id="pupdateZckssq" parameterType="zckssqxxb">
        update zckssqxxb set shzt="3" where admno=#{admno}
    </update>

    <select id="pqueryAllZckssq" resultType="zckssqxxb">
        select * from zckssqxxb
    </select>
</mapper>